{
    "Generic_Baseline": {
        "Accuracy": 0.8376220053238687,
        "Precision": 0.8731178422937701,
        "Recall": 0.5887426373649106,
        "F1_Score": 0.662514177004579
    },
    "Domain_Specific": {
        "Accuracy": 0.8482697426796806,
        "Precision": 0.8757031352199887,
        "Recall": 0.6220736235661609,
        "F1_Score": 0.6959576167468101
    }
}