{
    "xgb_metrics": {
        "accuracy": 0.8796592119275826,
        "f1_score": 0.7614537133251044,
        "report": {
            "0": {
                "precision": 0.9041095890410958,
                "recall": 0.532258064516129,
                "f1-score": 0.6700507614213198,
                "support": 124.0
            },
            "1": {
                "precision": 0.8793532338308457,
                "recall": 0.9778699861687413,
                "f1-score": 0.9259986902423052,
                "support": 723.0
            },
            "2": {
                "precision": 0.8548387096774194,
                "recall": 0.5760869565217391,
                "f1-score": 0.6883116883116883,
                "support": 92.0
            },
            "accuracy": 0.8796592119275826,
            "macro avg": {
                "precision": 0.8794338441831203,
                "recall": 0.6954050024022033,
                "f1-score": 0.7614537133251044,
                "support": 939.0
            },
            "weighted avg": {
                "precision": 0.8802205946657294,
                "recall": 0.8796592119275826,
                "f1-score": 0.86891163236007,
                "support": 939.0
            }
        },
        "confusion_matrix": [
            [
                66,
                58,
                0
            ],
            [
                7,
                707,
                9
            ],
            [
                0,
                39,
                53
            ]
        ]
    },
    "lstm_metrics": {
        "accuracy": 0.8932764140875133,
        "f1_score": 0.8172638437011788,
        "report": {
            "0": {
                "precision": 0.7830188679245284,
                "recall": 0.6693548387096774,
                "f1-score": 0.7217391304347827,
                "support": 124.0
            },
            "1": {
                "precision": 0.9202702702702703,
                "recall": 0.9445214979195562,
                "f1-score": 0.9322381930184805,
                "support": 721.0
            },
            "2": {
                "precision": 0.8021978021978022,
                "recall": 0.7934782608695652,
                "f1-score": 0.7978142076502732,
                "support": 92.0
            },
            "accuracy": 0.8932764140875133,
            "macro avg": {
                "precision": 0.8351623134642002,
                "recall": 0.8024515324995996,
                "f1-score": 0.8172638437011788,
                "support": 937.0
            },
            "weighted avg": {
                "precision": 0.8905137697862372,
                "recall": 0.8932764140875133,
                "f1-score": 0.8911828137076444,
                "support": 937.0
            }
        },
        "confusion_matrix": [
            [
                83,
                41,
                0
            ],
            [
                22,
                681,
                18
            ],
            [
                1,
                18,
                73
            ]
        ]
    },
    "backtest_summary": {
        "MRNA": {
            "Buy_Hold_Return": 0.07733907852626376,
            "Strategy_Return": 1.2490856549631602,
            "Outperformance": 1.1717465764368964
        },
        "PFE": {
            "Buy_Hold_Return": 0.1322675029415581,
            "Strategy_Return": 1.2209165005859757,
            "Outperformance": 1.0886489976444176
        },
        "BNTX": {
            "Buy_Hold_Return": -0.33121895163842363,
            "Strategy_Return": 1.1806644470909418,
            "Outperformance": 1.5118833987293654
        },
        "NVAX": {
            "Buy_Hold_Return": -0.8085279037080875,
            "Strategy_Return": 0.04769749119591227,
            "Outperformance": 0.8562253949039997
        },
        "GILD": {
            "Buy_Hold_Return": 0.2948042624534031,
            "Strategy_Return": 2.004792785906483,
            "Outperformance": 1.70998852345308
        },
        "AMGN": {
            "Buy_Hold_Return": -0.5936592823014853,
            "Strategy_Return": 0.6176940476257597,
            "Outperformance": 1.211353329927245
        }
    },
    "feature_names": [
        "Open",
        "High",
        "Low",
        "Close",
        "Volume",
        "Daily_Return",
        "SMA_10",
        "SMA_30",
        "Volatility",
        "Momentum",
        "Volume_Ratio",
        "RSI",
        "MACD",
        "MACD_Signal",
        "MACD_Hist",
        "BB_High",
        "BB_Low",
        "Daily_Return_Lag_1",
        "Daily_Return_Lag_2",
        "Daily_Return_Lag_3",
        "Avg_Sentiment",
        "Sentiment_Confidence",
        "FDA_Approval_Count",
        "Trial_Success_Count",
        "Trial_Failure_Count",
        "Drug_Recall_Count",
        "Safety_Warning_Count",
        "Event_Severity_Sum",
        "Avg_Sentiment_Lag_1",
        "Avg_Sentiment_Lag_2",
        "Avg_Sentiment_Lag_3",
        "Event_Severity_Lag_1",
        "Event_Severity_Lag_2",
        "Event_Severity_Lag_3"
    ],
    "feature_importances": [
        0.02145584300160408,
        0.021809890866279602,
        0.022638468071818352,
        0.02543765865266323,
        0.015493631362915039,
        0.04343671724200249,
        0.027186736464500427,
        0.026745006442070007,
        0.01975354738533497,
        0.022675884887576103,
        0.015210344456136227,
        0.01784573309123516,
        0.020616350695490837,
        0.022339431568980217,
        0.021088434383273125,
        0.03229004144668579,
        0.02237049676477909,
        0.015149001963436604,
        0.015728158876299858,
        0.014697638340294361,
        0.13829049468040466,
        0.09694425016641617,
        0.03808511048555374,
        0.0,
        0.03319306671619415,
        0.021999092772603035,
        0.024509791284799576,
        0.05646258592605591,
        0.030814068391919136,
        0.02124994993209839,
        0.025766663253307343,
        0.029699895530939102,
        0.022134095430374146,
        0.01688198372721672
    ]
}